face_name_align,gender,gender_scores_fair
000001.jpg,woman,[0. 1.]
000002.jpg,woman,[0.041 0.959]
000003.jpg,woman,[0.117 0.883]
000004.jpg,woman,[0.021 0.979]
000005.jpg,woman,[0.239 0.761]
000006.jpg,woman,[0.002 0.998]
000007.jpg,man,[1. 0.]
000008.jpg,man,[1. 0.]
000009.jpg,woman,[0. 1.]
000010.jpg,woman,[0. 1.]
000011.jpg,woman,[0.004 0.996]
000012.jpg,man,[1. 0.]
000013.jpg,man,[1. 0.]
000014.jpg,woman,[0.005 0.995]
000015.jpg,man,[1. 0.]
000016.jpg,man,[1. 0.]
000017.jpg,woman,[0. 1.]
000018.jpg,woman,[0. 1.]
000019.jpg,woman,[0. 1.]
000020.jpg,man,[0.984 0.016]
000021.jpg,man,[0.941 0.059]
000022.jpg,woman,[0. 1.]
000023.jpg,man,[1. 0.]
000024.jpg,woman,[0.006 0.994]
000025.jpg,man,[0.982 0.018]
000026.jpg,woman,[0. 1.]
000027.jpg,woman,[0. 1.]
000028.jpg,woman,[0.001 0.999]
000029.jpg,woman,[0. 1.]
000030.jpg,man,[0.95 0.05]
000031.jpg,woman,[0.297 0.703]
000032.jpg,man,[1. 0.]
000033.jpg,man,[1. 0.]
000034.jpg,woman,[0. 1.]
000035.jpg,woman,[0.007 0.993]
000036.jpg,man,[0.995 0.005]
000037.jpg,man,[1. 0.]
000038.jpg,man,[0.704 0.296]
000039.jpg,woman,[0.002 0.998]
000040.jpg,woman,[0.002 0.998]
000041.jpg,man,[0.998 0.002]
000042.jpg,woman,[0. 1.]
000043.jpg,woman,[0. 1.]
000044.jpg,woman,[0.001 0.999]
000045.jpg,woman,[0. 1.]
000046.jpg,woman,[0. 1.]
000047.jpg,woman,[0. 1.]
000048.jpg,man,[0.797 0.203]
000049.jpg,man,[0.999 0.001]
000050.jpg,man,[1. 0.]
000051.jpg,man,[1. 0.]
000052.jpg,man,[1. 0.]
000053.jpg,man,[1. 0.]
000054.jpg,woman,[0. 1.]
000055.jpg,man,[1. 0.]
000056.jpg,woman,[0.188 0.812]
000057.jpg,woman,[0.017 0.983]
000058.jpg,woman,[0. 1.]
000059.jpg,woman,[0.001 0.999]
000060.jpg,man,[0.992 0.008]
000061.jpg,man,[0.949 0.051]
000062.jpg,woman,[0.001 0.999]
000063.jpg,woman,[0. 1.]
000064.jpg,man,[1. 0.]
000065.jpg,man,[0.999 0.001]
000066.jpg,woman,[0. 1.]
000067.jpg,man,[0.999 0.001]
000068.jpg,man,[0.671 0.329]
000069.jpg,man,[0.999 0.001]
000070.jpg,man,[0.814 0.186]
000071.jpg,woman,[0. 1.]
000072.jpg,man,[1. 0.]
000073.jpg,woman,[0. 1.]
000074.jpg,woman,[0.064 0.936]
000075.jpg,woman,[0.001 0.999]
000076.jpg,man,[1. 0.]
000077.jpg,woman,[0. 1.]
000078.jpg,woman,[0. 1.]
000079.jpg,man,[0.993 0.007]
000080.jpg,man,[0.999 0.001]
000081.jpg,man,[0.997 0.003]
000082.jpg,man,[0.985 0.015]
000083.jpg,woman,[0. 1.]
000084.jpg,woman,[0.003 0.997]
000085.jpg,woman,[0. 1.]
000086.jpg,woman,[0.009 0.991]
000087.jpg,woman,[0.017 0.983]
000088.jpg,woman,[0. 1.]
000089.jpg,woman,[0.002 0.998]
000090.jpg,man,[1. 0.]
000091.jpg,man,[0.995 0.005]
000092.jpg,woman,[0.008 0.992]
000093.jpg,woman,[0. 1.]
000094.jpg,woman,[0.001 0.999]
000095.jpg,woman,[0.259 0.741]
000096.jpg,woman,[0.014 0.986]
000097.jpg,woman,[0.018 0.982]
000098.jpg,woman,[0.002 0.998]
000099.jpg,woman,[0. 1.]
000100.jpg,woman,[0.006 0.994]
000101.jpg,woman,[0.004 0.996]
000102.jpg,man,[0.935 0.065]
000103.jpg,woman,[0.001 0.999]
000104.jpg,man,[1. 0.]
000105.jpg,man,[0.98 0.02]
000106.jpg,woman,[0. 1.]
000107.jpg,woman,[0. 1.]
000108.jpg,woman,[0. 1.]
000109.jpg,man,[1. 0.]
000110.jpg,woman,[0.002 0.998]
000111.jpg,woman,[0.002 0.998]
000112.jpg,woman,[0. 1.]
000113.jpg,man,[0.99 0.01]
000114.jpg,man,[1. 0.]
000115.jpg,man,[0.999 0.001]
000116.jpg,man,[1. 0.]
000117.jpg,woman,[0.003 0.997]
000118.jpg,woman,[0.001 0.999]
000119.jpg,woman,[0.17 0.83]
000120.jpg,man,[0.638 0.362]
000121.jpg,woman,[0.002 0.998]
000122.jpg,woman,[0.004 0.996]
000123.jpg,man,[0.995 0.005]
000124.jpg,woman,[0.067 0.933]
000125.jpg,man,[1. 0.]
000126.jpg,woman,[0. 1.]
000127.jpg,man,[0.992 0.008]
000128.jpg,woman,[0.372 0.628]
000129.jpg,man,[1. 0.]
000130.jpg,man,[1. 0.]
000131.jpg,woman,[0. 1.]
000132.jpg,woman,[0. 1.]
000133.jpg,woman,[0.01 0.99]
000134.jpg,man,[0.999 0.001]
000135.jpg,man,[1. 0.]
000136.jpg,man,[0.998 0.002]
000137.jpg,man,[0.999 0.001]
000138.jpg,man,[0.879 0.121]
000139.jpg,woman,[0.002 0.998]
000140.jpg,woman,[0. 1.]
000141.jpg,woman,[0.014 0.986]
000142.jpg,woman,[0.003 0.997]
000143.jpg,man,[1. 0.]
000144.jpg,man,[0.994 0.006]
000145.jpg,woman,[0. 1.]
000146.jpg,woman,[0.017 0.983]
000147.jpg,woman,[0.001 0.999]
000148.jpg,woman,[0.064 0.936]
000149.jpg,man,[0.771 0.229]
000150.jpg,woman,[0.457 0.543]
000151.jpg,woman,[0. 1.]
000152.jpg,man,[0.999 0.001]
000153.jpg,man,[1. 0.]
000154.jpg,man,[0.997 0.003]
000155.jpg,woman,[0. 1.]
000156.jpg,woman,[0.006 0.994]
000157.jpg,woman,[0. 1.]
000158.jpg,man,[0.996 0.004]
000159.jpg,woman,[0.118 0.882]
000160.jpg,man,[0.999 0.001]
000161.jpg,woman,[0. 1.]
000162.jpg,woman,[0.018 0.982]
000163.jpg,woman,[0.001 0.999]
000164.jpg,man,[1. 0.]
000165.jpg,woman,[0. 1.]
000166.jpg,man,[0.988 0.012]
000167.jpg,woman,[0.004 0.996]
000168.jpg,woman,[0.001 0.999]
000169.jpg,man,[0.996 0.004]
000170.jpg,woman,[0. 1.]
000171.jpg,man,[1. 0.]
000172.jpg,woman,[0. 1.]
000173.jpg,woman,[0. 1.]
000174.jpg,woman,[0. 1.]
000175.jpg,woman,[0.001 0.999]
000176.jpg,woman,[0.002 0.998]
000177.jpg,woman,[0.003 0.997]
000178.jpg,woman,[0.001 0.999]
000179.jpg,woman,[0.001 0.999]
000180.jpg,woman,[0.017 0.983]
000181.jpg,man,[0.995 0.005]
000182.jpg,man,[1. 0.]
000183.jpg,woman,[0. 1.]
000184.jpg,man,[0.527 0.473]
000185.jpg,woman,[0.386 0.614]
000186.jpg,woman,[0.003 0.997]
000187.jpg,man,[1. 0.]
000188.jpg,man,[1. 0.]
000189.jpg,man,[0.764 0.236]
000190.jpg,woman,[0.011 0.989]
000191.jpg,woman,[0.002 0.998]
000192.jpg,woman,[0. 1.]
000193.jpg,man,[0.998 0.002]
000194.jpg,man,[0.998 0.002]
000195.jpg,man,[0.988 0.012]
000196.jpg,man,[1. 0.]
000197.jpg,man,[0.999 0.001]
000198.jpg,woman,[0. 1.]
000199.jpg,man,[0.661 0.339]
000200.jpg,man,[0.998 0.002]
000201.jpg,woman,[0. 1.]
000202.jpg,man,[0.965 0.035]
000203.jpg,man,[1. 0.]
000204.jpg,woman,[0. 1.]
000205.jpg,man,[1. 0.]
000206.jpg,man,[1. 0.]
000207.jpg,woman,[0.002 0.998]
000208.jpg,woman,[0.002 0.998]
000209.jpg,man,[1. 0.]
000210.jpg,man,[1. 0.]
000211.jpg,woman,[0. 1.]
000212.jpg,man,[1. 0.]
000213.jpg,man,[0.989 0.011]
000214.jpg,man,[1. 0.]
000215.jpg,man,[0.615 0.385]
000216.jpg,woman,[0.062 0.938]
000217.jpg,woman,[0.001 0.999]
000218.jpg,woman,[0.008 0.992]
000219.jpg,woman,[0. 1.]
000220.jpg,man,[0.985 0.015]
000221.jpg,man,[0.999 0.001]
000222.jpg,woman,[0.016 0.984]
000223.jpg,man,[0.833 0.167]
000224.jpg,man,[0.777 0.223]
000225.jpg,woman,[0. 1.]
000226.jpg,man,[0.999 0.001]
000227.jpg,man,[0.936 0.064]
000228.jpg,woman,[0. 1.]
000229.jpg,man,[1. 0.]
000230.jpg,man,[1. 0.]
000231.jpg,woman,[0.004 0.996]
000232.jpg,woman,[0.001 0.999]
000233.jpg,woman,[0.087 0.913]
000234.jpg,man,[0.999 0.001]
000235.jpg,man,[0.999 0.001]
000236.jpg,woman,[0.317 0.683]
000237.jpg,man,[0.998 0.002]
000238.jpg,woman,[0. 1.]
000239.jpg,woman,[0. 1.]
000240.jpg,woman,[0.005 0.995]
000241.jpg,woman,[0.002 0.998]
000242.jpg,man,[0.979 0.021]
000243.jpg,woman,[0.405 0.595]
000244.jpg,man,[0.998 0.002]
000245.jpg,man,[1. 0.]
000246.jpg,woman,[0.003 0.997]
000247.jpg,woman,[0. 1.]
000248.jpg,man,[0.994 0.006]
000249.jpg,woman,[0. 1.]
000250.jpg,man,[1. 0.]
000251.jpg,woman,[0. 1.]
000252.jpg,woman,[0.002 0.998]
000253.jpg,man,[0.998 0.002]
000254.jpg,woman,[0. 1.]
000255.jpg,man,[0.994 0.006]
000256.jpg,woman,[0.018 0.982]
000257.jpg,woman,[0.001 0.999]
000258.jpg,woman,[0. 1.]
000259.jpg,woman,[0. 1.]
000260.jpg,woman,[0. 1.]
000261.jpg,woman,[0.408 0.592]
000262.jpg,woman,[0. 1.]
000263.jpg,woman,[0.001 0.999]
000264.jpg,man,[0.997 0.003]
000265.jpg,man,[0.703 0.297]
000266.jpg,man,[0.999 0.001]
000267.jpg,woman,[0.001 0.999]
000268.jpg,woman,[0.053 0.947]
000269.jpg,woman,[0. 1.]
000270.jpg,woman,[0.002 0.998]
000271.jpg,woman,[0. 1.]
000272.jpg,man,[1. 0.]
000273.jpg,woman,[0.001 0.999]
000274.jpg,man,[0.997 0.003]
000275.jpg,woman,[0. 1.]
000276.jpg,man,[1. 0.]
000277.jpg,man,[0.918 0.082]
000278.jpg,woman,[0. 1.]
000279.jpg,woman,[0. 1.]
000280.jpg,woman,[0.012 0.988]
000281.jpg,woman,[0.001 0.999]
000282.jpg,man,[0.999 0.001]
000283.jpg,man,[0.931 0.069]
000284.jpg,man,[1. 0.]
000285.jpg,woman,[0. 1.]
000286.jpg,man,[1. 0.]
000287.jpg,woman,[0.001 0.999]
000288.jpg,woman,[0.163 0.837]
000289.jpg,woman,[0.02 0.98]
000290.jpg,woman,[0.006 0.994]
000291.jpg,woman,[0.001 0.999]
000292.jpg,woman,[0.183 0.817]
000293.jpg,man,[0.99 0.01]
000294.jpg,man,[0.998 0.002]
000295.jpg,man,[0.891 0.109]
000296.jpg,woman,[0. 1.]
000297.jpg,man,[1. 0.]
000298.jpg,man,[0.986 0.014]
000299.jpg,man,[0.999 0.001]
000300.jpg,man,[1. 0.]
000301.jpg,woman,[0. 1.]
000302.jpg,woman,[0.013 0.987]
000303.jpg,woman,[0. 1.]
000304.jpg,woman,[0.035 0.965]
000305.jpg,woman,[0.001 0.999]
000306.jpg,man,[1. 0.]
000307.jpg,man,[0.956 0.044]
000308.jpg,woman,[0.009 0.991]
000309.jpg,woman,[0.032 0.968]
000310.jpg,woman,[0.275 0.725]
000311.jpg,man,[1. 0.]
000312.jpg,woman,[0.082 0.918]
000313.jpg,woman,[0.493 0.507]
000314.jpg,man,[0.976 0.024]
000315.jpg,man,[0.829 0.171]
000316.jpg,man,[0.996 0.004]
000317.jpg,woman,[0. 1.]
000318.jpg,man,[0.994 0.006]
000319.jpg,woman,[0.002 0.998]
000320.jpg,man,[0.997 0.003]
000321.jpg,man,[0.999 0.001]
000322.jpg,woman,[0. 1.]
000323.jpg,woman,[0.001 0.999]
000324.jpg,man,[0.999 0.001]
000325.jpg,woman,[0. 1.]
000326.jpg,woman,[0.001 0.999]
000327.jpg,woman,[0. 1.]
000328.jpg,woman,[0.002 0.998]
000329.jpg,man,[0.972 0.028]
000330.jpg,man,[1. 0.]
000331.jpg,man,[0.908 0.092]
000332.jpg,woman,[0.002 0.998]
000333.jpg,man,[0.969 0.031]
000334.jpg,woman,[0. 1.]
000335.jpg,man,[0.999 0.001]
000336.jpg,man,[0.999 0.001]
000337.jpg,woman,[0. 1.]
000338.jpg,woman,[0.458 0.542]
000339.jpg,man,[0.97 0.03]
000340.jpg,man,[1. 0.]
000341.jpg,woman,[0.003 0.997]
000342.jpg,woman,[0.001 0.999]
000343.jpg,woman,[0.002 0.998]
000344.jpg,woman,[0. 1.]
000345.jpg,woman,[0.001 0.999]
000346.jpg,man,[0.986 0.014]
000347.jpg,woman,[0.005 0.995]
000348.jpg,woman,[0. 1.]
000349.jpg,woman,[0. 1.]
000350.jpg,man,[1. 0.]
000351.jpg,man,[0.761 0.239]
000352.jpg,man,[0.999 0.001]
000353.jpg,woman,[0. 1.]
000354.jpg,woman,[0.001 0.999]
000355.jpg,man,[0.988 0.012]
000356.jpg,woman,[0.014 0.986]
000357.jpg,woman,[0. 1.]
000358.jpg,man,[1. 0.]
000359.jpg,woman,[0. 1.]
000360.jpg,man,[0.996 0.004]
000361.jpg,woman,[0.052 0.948]
000362.jpg,man,[1. 0.]
000363.jpg,man,[0.999 0.001]
000364.jpg,woman,[0.004 0.996]
000365.jpg,woman,[0.091 0.909]
000366.jpg,man,[0.985 0.015]
000367.jpg,man,[1. 0.]
000368.jpg,man,[0.998 0.002]
000369.jpg,man,[0.609 0.391]
000370.jpg,man,[1. 0.]
000371.jpg,woman,[0. 1.]
000372.jpg,woman,[0. 1.]
000373.jpg,woman,[0.001 0.999]
000374.jpg,woman,[0.002 0.998]
000375.jpg,woman,[0.013 0.987]
000376.jpg,man,[0.886 0.114]
000377.jpg,man,[0.755 0.245]
000378.jpg,man,[0.913 0.087]
000379.jpg,woman,[0.003 0.997]
000380.jpg,man,[1. 0.]
000381.jpg,woman,[0.001 0.999]
000382.jpg,woman,[0. 1.]
000383.jpg,man,[0.999 0.001]
000384.jpg,woman,[0. 1.]
000385.jpg,man,[1. 0.]
000386.jpg,man,[1. 0.]
000387.jpg,woman,[0. 1.]
000388.jpg,woman,[0. 1.]
000389.jpg,man,[0.996 0.004]
000390.jpg,man,[0.998 0.002]
000391.jpg,woman,[0. 1.]
000392.jpg,woman,[0. 1.]
000393.jpg,man,[0.702 0.298]
000394.jpg,woman,[0. 1.]
000395.jpg,woman,[0.001 0.999]
000396.jpg,woman,[0. 1.]
000397.jpg,woman,[0. 1.]
000398.jpg,man,[0.953 0.047]
000399.jpg,woman,[0.021 0.979]
000400.jpg,man,[1. 0.]
000401.jpg,man,[0.968 0.032]
000402.jpg,man,[0.998 0.002]
000403.jpg,man,[1. 0.]
000404.jpg,woman,[0. 1.]
000405.jpg,woman,[0.04 0.96]
000406.jpg,man,[0.996 0.004]
000407.jpg,woman,[0. 1.]
000408.jpg,man,[0.973 0.027]
000409.jpg,man,[1. 0.]
000410.jpg,woman,[0.075 0.925]
000411.jpg,woman,[0. 1.]
000412.jpg,woman,[0. 1.]
000413.jpg,man,[1. 0.]
000414.jpg,man,[0.999 0.001]
000415.jpg,woman,[0. 1.]
000416.jpg,woman,[0.011 0.989]
000417.jpg,woman,[0.338 0.662]
000418.jpg,man,[1. 0.]
000419.jpg,woman,[0.003 0.997]
000420.jpg,woman,[0. 1.]
000421.jpg,woman,[0.001 0.999]
000422.jpg,woman,[0. 1.]
000423.jpg,woman,[0.084 0.916]
000424.jpg,woman,[0. 1.]
000425.jpg,man,[0.997 0.003]
000426.jpg,woman,[0. 1.]
000427.jpg,man,[1. 0.]
000428.jpg,man,[1. 0.]
000429.jpg,man,[0.815 0.185]
000430.jpg,man,[1. 0.]
000431.jpg,woman,[0.001 0.999]
000432.jpg,woman,[0.004 0.996]
000433.jpg,man,[1. 0.]
000434.jpg,man,[0.983 0.017]
000435.jpg,woman,[0. 1.]
000436.jpg,woman,[0. 1.]
000437.jpg,man,[0.707 0.293]
000438.jpg,man,[0.993 0.007]
000439.jpg,man,[0.992 0.008]
000440.jpg,man,[0.999 0.001]
000441.jpg,woman,[0.005 0.995]
000442.jpg,woman,[0.001 0.999]
000443.jpg,man,[0.991 0.009]
000444.jpg,man,[1. 0.]
000445.jpg,woman,[0. 1.]
000446.jpg,woman,[0. 1.]
000447.jpg,man,[0.925 0.075]
000448.jpg,man,[1. 0.]
000449.jpg,man,[0.992 0.008]
000450.jpg,man,[1. 0.]
000451.jpg,woman,[0.013 0.987]
000452.jpg,man,[1. 0.]
000453.jpg,woman,[0.204 0.796]
000454.jpg,woman,[0.051 0.949]
000455.jpg,woman,[0. 1.]
000456.jpg,man,[1. 0.]
000457.jpg,woman,[0.001 0.999]
000458.jpg,woman,[0.009 0.991]
000459.jpg,man,[0.909 0.091]
000460.jpg,man,[0.96 0.04]
000461.jpg,man,[0.957 0.043]
000462.jpg,woman,[0. 1.]
000463.jpg,woman,[0. 1.]
000464.jpg,woman,[0.003 0.997]
000465.jpg,man,[0.906 0.094]
000466.jpg,woman,[0.001 0.999]
000467.jpg,woman,[0.003 0.997]
000468.jpg,woman,[0.003 0.997]
000469.jpg,woman,[0.005 0.995]
000470.jpg,woman,[0.003 0.997]
000471.jpg,woman,[0. 1.]
000472.jpg,woman,[0. 1.]
000473.jpg,man,[0.888 0.112]
000474.jpg,man,[0.985 0.015]
000475.jpg,woman,[0.001 0.999]
000476.jpg,woman,[0. 1.]
000477.jpg,man,[0.996 0.004]
000478.jpg,woman,[0. 1.]
000479.jpg,man,[0.999 0.001]
000480.jpg,woman,[0.001 0.999]
000481.jpg,man,[0.997 0.003]
000482.jpg,man,[0.995 0.005]
000483.jpg,woman,[0. 1.]
000484.jpg,man,[0.672 0.328]
000485.jpg,woman,[0. 1.]
000486.jpg,man,[0.999 0.001]
000487.jpg,woman,[0.001 0.999]
000488.jpg,woman,[0.001 0.999]
000489.jpg,woman,[0. 1.]
000490.jpg,man,[0.954 0.046]
000491.jpg,woman,[0.221 0.779]
000492.jpg,woman,[0. 1.]
000493.jpg,woman,[0. 1.]
000494.jpg,woman,[0.001 0.999]
000495.jpg,woman,[0.001 0.999]
000496.jpg,woman,[0.033 0.967]
000497.jpg,woman,[0. 1.]
000498.jpg,man,[1. 0.]
000499.jpg,woman,[0. 1.]
000500.jpg,man,[0.914 0.086]
000501.jpg,man,[1. 0.]
000502.jpg,woman,[0.001 0.999]
000503.jpg,woman,[0.002 0.998]
000504.jpg,woman,[0. 1.]
000505.jpg,woman,[0. 1.]
000506.jpg,woman,[0. 1.]
000507.jpg,woman,[0.006 0.994]
000508.jpg,woman,[0.001 0.999]
000509.jpg,woman,[0.193 0.807]
000510.jpg,woman,[0. 1.]
000511.jpg,man,[0.503 0.497]
000512.jpg,man,[1. 0.]
000513.jpg,woman,[0. 1.]
000514.jpg,woman,[0. 1.]
000515.jpg,man,[1. 0.]
000516.jpg,woman,[0.018 0.982]
000517.jpg,man,[0.78 0.22]
000518.jpg,woman,[0.225 0.775]
000519.jpg,woman,[0. 1.]
000520.jpg,man,[0.853 0.147]
000521.jpg,man,[1. 0.]
000522.jpg,woman,[0. 1.]
000523.jpg,woman,[0. 1.]
000524.jpg,woman,[0.012 0.988]
000525.jpg,woman,[0.282 0.718]
000526.jpg,man,[0.953 0.047]
000527.jpg,woman,[0. 1.]
000528.jpg,woman,[0.001 0.999]
000529.jpg,man,[0.942 0.058]
000530.jpg,woman,[0.064 0.936]
000531.jpg,woman,[0. 1.]
000532.jpg,woman,[0.004 0.996]
000533.jpg,woman,[0.197 0.803]
000534.jpg,man,[1. 0.]
000535.jpg,man,[0.854 0.146]
000536.jpg,woman,[0.006 0.994]
000537.jpg,man,[1. 0.]
000538.jpg,woman,[0. 1.]
000539.jpg,woman,[0.002 0.998]
000540.jpg,woman,[0. 1.]
000541.jpg,woman,[0. 1.]
000542.jpg,man,[0.997 0.003]
000543.jpg,man,[1. 0.]
000544.jpg,woman,[0. 1.]
000545.jpg,man,[0.998 0.002]
000546.jpg,man,[0.981 0.019]
000547.jpg,woman,[0.003 0.997]
000548.jpg,woman,[0.001 0.999]
000549.jpg,woman,[0.005 0.995]
000550.jpg,woman,[0.001 0.999]
000551.jpg,woman,[0. 1.]
000552.jpg,man,[1. 0.]
000553.jpg,woman,[0. 1.]
000554.jpg,woman,[0. 1.]
000555.jpg,man,[1. 0.]
000556.jpg,woman,[0. 1.]
000557.jpg,woman,[0.029 0.971]
000558.jpg,man,[0.998 0.002]
000559.jpg,man,[0.982 0.018]
000560.jpg,man,[1. 0.]
000561.jpg,man,[1. 0.]
000562.jpg,woman,[0.009 0.991]
000563.jpg,man,[1. 0.]
000564.jpg,man,[0.993 0.007]
000565.jpg,woman,[0. 1.]
000566.jpg,woman,[0. 1.]
000567.jpg,woman,[0. 1.]
000568.jpg,woman,[0.005 0.995]
000569.jpg,man,[1. 0.]
000570.jpg,woman,[0.03 0.97]
000571.jpg,man,[1. 0.]
000572.jpg,man,[1. 0.]
000573.jpg,man,[0.999 0.001]
000574.jpg,woman,[0. 1.]
000575.jpg,man,[0.966 0.034]
000576.jpg,woman,[0.1 0.9]
000577.jpg,man,[0.988 0.012]
000578.jpg,man,[1. 0.]
000579.jpg,woman,[0.009 0.991]
000580.jpg,woman,[0. 1.]
000581.jpg,man,[1. 0.]
000582.jpg,woman,[0.002 0.998]
000583.jpg,man,[0.995 0.005]
000584.jpg,man,[0.918 0.082]
000585.jpg,man,[1. 0.]
000586.jpg,man,[1. 0.]
000587.jpg,man,[0.999 0.001]
000588.jpg,woman,[0. 1.]
000589.jpg,woman,[0. 1.]
000590.jpg,man,[0.932 0.068]
000591.jpg,man,[1. 0.]
000592.jpg,man,[1. 0.]
000593.jpg,man,[0.989 0.011]
000594.jpg,woman,[0. 1.]
000595.jpg,woman,[0. 1.]
000596.jpg,man,[0.984 0.016]
000597.jpg,woman,[0. 1.]
000598.jpg,woman,[0.067 0.933]
000599.jpg,woman,[0. 1.]
000600.jpg,man,[0.989 0.011]
000601.jpg,woman,[0.003 0.997]
000602.jpg,woman,[0.152 0.848]
000603.jpg,woman,[0.376 0.624]
000604.jpg,man,[1. 0.]
000605.jpg,woman,[0. 1.]
000606.jpg,woman,[0.235 0.765]
000607.jpg,woman,[0.001 0.999]
000608.jpg,woman,[0.19 0.81]
000609.jpg,woman,[0.005 0.995]
000610.jpg,woman,[0.001 0.999]
000611.jpg,woman,[0. 1.]
000612.jpg,woman,[0. 1.]
000613.jpg,woman,[0. 1.]
000614.jpg,woman,[0.006 0.994]
000615.jpg,woman,[0. 1.]
000616.jpg,woman,[0. 1.]
000617.jpg,man,[0.933 0.067]
000618.jpg,woman,[0. 1.]
000619.jpg,man,[1. 0.]
000620.jpg,man,[1. 0.]
000621.jpg,woman,[0.006 0.994]
000622.jpg,man,[0.999 0.001]
000623.jpg,man,[1. 0.]
000624.jpg,man,[0.901 0.099]
000625.jpg,man,[0.998 0.002]
000626.jpg,woman,[0.002 0.998]
000627.jpg,woman,[0.024 0.976]
000628.jpg,man,[1. 0.]
000629.jpg,man,[0.999 0.001]
000630.jpg,man,[1. 0.]
000631.jpg,woman,[0. 1.]
000632.jpg,woman,[0. 1.]
000633.jpg,woman,[0. 1.]
000634.jpg,woman,[0. 1.]
000635.jpg,man,[0.907 0.093]
000636.jpg,man,[1. 0.]
000637.jpg,man,[1. 0.]
000638.jpg,woman,[0. 1.]
000639.jpg,woman,[0.332 0.668]
000640.jpg,woman,[0.005 0.995]
000641.jpg,woman,[0. 1.]
000642.jpg,woman,[0.015 0.985]
000643.jpg,woman,[0.001 0.999]
000644.jpg,woman,[0.451 0.549]
000645.jpg,woman,[0. 1.]
000646.jpg,woman,[0. 1.]
000647.jpg,woman,[0. 1.]
000648.jpg,woman,[0. 1.]
000649.jpg,man,[0.676 0.324]
000650.jpg,woman,[0. 1.]
000651.jpg,man,[1. 0.]
000652.jpg,man,[1. 0.]
000653.jpg,woman,[0. 1.]
000654.jpg,man,[0.955 0.045]
000655.jpg,man,[0.996 0.004]
000656.jpg,woman,[0. 1.]
000657.jpg,man,[0.972 0.028]
000658.jpg,woman,[0.002 0.998]
000659.jpg,man,[1. 0.]
000660.jpg,man,[0.997 0.003]
000661.jpg,man,[1. 0.]
000662.jpg,man,[1. 0.]
000663.jpg,woman,[0.001 0.999]
000664.jpg,woman,[0. 1.]
000665.jpg,woman,[0. 1.]
000666.jpg,woman,[0.01 0.99]
000667.jpg,woman,[0.277 0.723]
000668.jpg,woman,[0. 1.]
000669.jpg,woman,[0.084 0.916]
000670.jpg,man,[1. 0.]
000671.jpg,man,[1. 0.]
000672.jpg,man,[1. 0.]
000673.jpg,woman,[0. 1.]
000674.jpg,man,[1. 0.]
000675.jpg,man,[0.999 0.001]
000676.jpg,woman,[0.155 0.845]
000677.jpg,man,[0.999 0.001]
000678.jpg,woman,[0. 1.]
000679.jpg,woman,[0.005 0.995]
000680.jpg,woman,[0.255 0.745]
000681.jpg,man,[0.998 0.002]
000682.jpg,man,[0.917 0.083]
000683.jpg,woman,[0.019 0.981]
000684.jpg,man,[0.999 0.001]
000685.jpg,man,[0.996 0.004]
000686.jpg,man,[1. 0.]
000687.jpg,man,[0.997 0.003]
000688.jpg,man,[0.993 0.007]
000689.jpg,man,[1. 0.]
000690.jpg,man,[0.993 0.007]
000691.jpg,woman,[0.016 0.984]
000692.jpg,woman,[0.015 0.985]
000693.jpg,woman,[0.008 0.992]
000694.jpg,woman,[0. 1.]
000695.jpg,man,[0.998 0.002]
000696.jpg,man,[0.941 0.059]
000697.jpg,man,[0.959 0.041]
000698.jpg,woman,[0. 1.]
000699.jpg,woman,[0. 1.]
000700.jpg,man,[0.848 0.152]
000701.jpg,woman,[0. 1.]
000702.jpg,woman,[0.019 0.981]
000703.jpg,woman,[0. 1.]
000704.jpg,woman,[0.03 0.97]
000705.jpg,man,[0.875 0.125]
000706.jpg,man,[0.958 0.042]
000707.jpg,woman,[0. 1.]
000708.jpg,man,[0.863 0.137]
000709.jpg,woman,[0.001 0.999]
000710.jpg,man,[0.996 0.004]
000711.jpg,woman,[0.003 0.997]
000712.jpg,man,[0.999 0.001]
000713.jpg,man,[1. 0.]
000714.jpg,man,[1. 0.]
000715.jpg,woman,[0. 1.]
000716.jpg,woman,[0.001 0.999]
000717.jpg,woman,[0. 1.]
000718.jpg,woman,[0. 1.]
000719.jpg,woman,[0.002 0.998]
000720.jpg,man,[0.767 0.233]
000721.jpg,woman,[0.002 0.998]
000722.jpg,woman,[0.001 0.999]
000723.jpg,man,[0.985 0.015]
000724.jpg,man,[0.95 0.05]
000725.jpg,woman,[0.001 0.999]
000726.jpg,woman,[0.009 0.991]
000727.jpg,woman,[0.001 0.999]
000728.jpg,man,[0.999 0.001]
000729.jpg,man,[0.955 0.045]
000730.jpg,man,[0.981 0.019]
000731.jpg,man,[0.964 0.036]
000732.jpg,man,[0.99 0.01]
000733.jpg,man,[0.942 0.058]
000734.jpg,woman,[0.008 0.992]
000735.jpg,man,[1. 0.]
000736.jpg,woman,[0. 1.]
000737.jpg,woman,[0. 1.]
000738.jpg,woman,[0. 1.]
000739.jpg,man,[0.999 0.001]
000740.jpg,woman,[0. 1.]
000741.jpg,woman,[0. 1.]
000742.jpg,woman,[0.289 0.711]
000743.jpg,woman,[0. 1.]
000744.jpg,man,[0.999 0.001]
000745.jpg,man,[1. 0.]
000746.jpg,woman,[0. 1.]
000747.jpg,man,[0.999 0.001]
000748.jpg,woman,[0.005 0.995]
000749.jpg,woman,[0.191 0.809]
000750.jpg,woman,[0.023 0.977]
000751.jpg,woman,[0.001 0.999]
000752.jpg,woman,[0.013 0.987]
000753.jpg,man,[0.998 0.002]
000754.jpg,woman,[0.001 0.999]
000755.jpg,man,[0.697 0.303]
000756.jpg,man,[0.999 0.001]
000757.jpg,woman,[0.115 0.885]
000758.jpg,woman,[0. 1.]
000759.jpg,woman,[0. 1.]
000760.jpg,woman,[0.001 0.999]
000761.jpg,woman,[0.001 0.999]
000762.jpg,woman,[0.027 0.973]
000763.jpg,woman,[0. 1.]
000764.jpg,woman,[0. 1.]
000765.jpg,woman,[0. 1.]
000766.jpg,woman,[0.067 0.933]
000767.jpg,woman,[0. 1.]
000768.jpg,man,[0.917 0.083]
000769.jpg,woman,[0. 1.]
000770.jpg,man,[0.949 0.051]
000771.jpg,woman,[0.047 0.953]
000772.jpg,woman,[0.001 0.999]
000773.jpg,man,[1. 0.]
000774.jpg,woman,[0. 1.]
000775.jpg,man,[0.942 0.058]
000776.jpg,woman,[0.001 0.999]
000777.jpg,woman,[0.478 0.522]
000778.jpg,man,[0.999 0.001]
000779.jpg,man,[1. 0.]
000780.jpg,man,[0.999 0.001]
000781.jpg,woman,[0. 1.]
000782.jpg,man,[0.634 0.366]
000783.jpg,woman,[0. 1.]
000784.jpg,man,[0.999 0.001]
000785.jpg,woman,[0. 1.]
000786.jpg,woman,[0. 1.]
000787.jpg,woman,[0.111 0.889]
000788.jpg,man,[0.996 0.004]
000789.jpg,man,[1. 0.]
000790.jpg,man,[1. 0.]
000791.jpg,man,[1. 0.]
000792.jpg,woman,[0. 1.]
000793.jpg,woman,[0.001 0.999]
000794.jpg,woman,[0. 1.]
000795.jpg,woman,[0. 1.]
000796.jpg,woman,[0. 1.]
000797.jpg,woman,[0.417 0.583]
000798.jpg,man,[0.601 0.399]
000799.jpg,woman,[0. 1.]
000800.jpg,woman,[0.002 0.998]
000801.jpg,man,[0.999 0.001]
000802.jpg,woman,[0. 1.]
000803.jpg,man,[1. 0.]
000804.jpg,woman,[0. 1.]
000805.jpg,woman,[0.115 0.885]
000806.jpg,woman,[0.056 0.944]
000807.jpg,man,[0.868 0.132]
000808.jpg,man,[1. 0.]
000809.jpg,woman,[0. 1.]
000810.jpg,woman,[0.001 0.999]
000811.jpg,woman,[0.002 0.998]
000812.jpg,woman,[0.001 0.999]
000813.jpg,man,[1. 0.]
000814.jpg,woman,[0.001 0.999]
000815.jpg,man,[0.896 0.104]
000816.jpg,man,[1. 0.]
000817.jpg,woman,[0.102 0.898]
000818.jpg,man,[1. 0.]
000819.jpg,woman,[0.001 0.999]
000820.jpg,man,[0.731 0.269]
000821.jpg,woman,[0. 1.]
000822.jpg,woman,[0.003 0.997]
000823.jpg,woman,[0.032 0.968]
000824.jpg,woman,[0.007 0.993]
000825.jpg,man,[1. 0.]
000826.jpg,man,[1. 0.]
000827.jpg,woman,[0.086 0.914]
000828.jpg,woman,[0. 1.]
000829.jpg,man,[0.943 0.057]
000830.jpg,woman,[0.02 0.98]
000831.jpg,woman,[0. 1.]
000832.jpg,woman,[0. 1.]
000833.jpg,man,[0.999 0.001]
000834.jpg,woman,[0. 1.]
000835.jpg,woman,[0. 1.]
000836.jpg,man,[1. 0.]
000837.jpg,woman,[0.199 0.801]
000838.jpg,man,[0.999 0.001]
000839.jpg,woman,[0.01 0.99]
000840.jpg,woman,[0. 1.]
000841.jpg,man,[0.647 0.353]
000842.jpg,man,[0.998 0.002]
000843.jpg,man,[0.973 0.027]
000844.jpg,man,[1. 0.]
000845.jpg,man,[0.999 0.001]
000846.jpg,man,[0.996 0.004]
000847.jpg,woman,[0. 1.]
000848.jpg,man,[0.994 0.006]
000849.jpg,woman,[0. 1.]
000850.jpg,man,[0.973 0.027]
000851.jpg,man,[1. 0.]
000852.jpg,woman,[0.011 0.989]
000853.jpg,man,[1. 0.]
000854.jpg,woman,[0.005 0.995]
000855.jpg,man,[0.995 0.005]
000856.jpg,woman,[0. 1.]
000857.jpg,woman,[0.01 0.99]
000858.jpg,man,[0.961 0.039]
000859.jpg,man,[1. 0.]
000860.jpg,man,[0.992 0.008]
000861.jpg,man,[0.861 0.139]
000862.jpg,woman,[0.003 0.997]
000863.jpg,woman,[0.001 0.999]
000864.jpg,woman,[0.002 0.998]
000865.jpg,woman,[0. 1.]
000866.jpg,woman,[0.01 0.99]
000867.jpg,woman,[0.005 0.995]
000868.jpg,woman,[0.002 0.998]
000869.jpg,woman,[0.036 0.964]
000870.jpg,woman,[0. 1.]
000871.jpg,woman,[0. 1.]
000872.jpg,woman,[0.001 0.999]
000873.jpg,man,[0.913 0.087]
000874.jpg,woman,[0. 1.]
000875.jpg,man,[1. 0.]
000876.jpg,woman,[0. 1.]
000877.jpg,woman,[0. 1.]
000878.jpg,woman,[0.001 0.999]
000879.jpg,man,[1. 0.]
000880.jpg,woman,[0.001 0.999]
000881.jpg,man,[0.973 0.027]
000882.jpg,woman,[0.006 0.994]
000883.jpg,woman,[0. 1.]
000884.jpg,woman,[0. 1.]
000885.jpg,man,[0.976 0.024]
000886.jpg,man,[0.999 0.001]
000887.jpg,woman,[0.136 0.864]
000888.jpg,man,[0.998 0.002]
000889.jpg,man,[0.993 0.007]
000890.jpg,woman,[0. 1.]
000891.jpg,woman,[0.073 0.927]
000892.jpg,man,[0.988 0.012]
000893.jpg,woman,[0. 1.]
000894.jpg,woman,[0. 1.]
000895.jpg,woman,[0. 1.]
000896.jpg,woman,[0. 1.]
000897.jpg,woman,[0.006 0.994]
000898.jpg,man,[0.963 0.037]
000899.jpg,woman,[0.026 0.974]
000900.jpg,woman,[0. 1.]
000901.jpg,woman,[0.366 0.634]
000902.jpg,man,[1. 0.]
000903.jpg,man,[0.996 0.004]
000904.jpg,man,[0.98 0.02]
000905.jpg,man,[0.999 0.001]
000906.jpg,man,[0.999 0.001]
000907.jpg,man,[0.998 0.002]
000908.jpg,man,[1. 0.]
000909.jpg,woman,[0.001 0.999]
000910.jpg,woman,[0. 1.]
000911.jpg,man,[0.998 0.002]
000912.jpg,woman,[0.002 0.998]
000913.jpg,man,[0.999 0.001]
000914.jpg,woman,[0.001 0.999]
000915.jpg,man,[1. 0.]
000916.jpg,woman,[0. 1.]
000917.jpg,woman,[0.003 0.997]
000918.jpg,woman,[0. 1.]
000919.jpg,woman,[0.001 0.999]
000920.jpg,woman,[0.001 0.999]
000921.jpg,woman,[0.001 0.999]
000922.jpg,woman,[0. 1.]
000923.jpg,man,[1. 0.]
000924.jpg,woman,[0. 1.]
000925.jpg,woman,[0.001 0.999]
000926.jpg,man,[0.998 0.002]
000927.jpg,woman,[0. 1.]
000928.jpg,woman,[0.17 0.83]
000929.jpg,woman,[0.001 0.999]
000930.jpg,man,[0.945 0.055]
000931.jpg,man,[1. 0.]
000932.jpg,woman,[0. 1.]
000933.jpg,woman,[0.362 0.638]
000934.jpg,woman,[0.069 0.931]
000935.jpg,man,[0.996 0.004]
000936.jpg,woman,[0.262 0.738]
000937.jpg,woman,[0.128 0.872]
000938.jpg,man,[0.997 0.003]
000939.jpg,woman,[0.002 0.998]
000940.jpg,woman,[0. 1.]
000941.jpg,woman,[0.002 0.998]
000942.jpg,woman,[0.001 0.999]
000943.jpg,woman,[0. 1.]
000944.jpg,man,[0.999 0.001]
000945.jpg,woman,[0. 1.]
000946.jpg,man,[0.997 0.003]
000947.jpg,woman,[0.272 0.728]
000948.jpg,woman,[0.003 0.997]
000949.jpg,woman,[0.009 0.991]
000950.jpg,woman,[0. 1.]
000951.jpg,man,[1. 0.]
000952.jpg,woman,[0. 1.]
000953.jpg,man,[0.913 0.087]
000954.jpg,man,[0.916 0.084]
000955.jpg,woman,[0.034 0.966]
000956.jpg,woman,[0. 1.]
000957.jpg,man,[0.999 0.001]
000958.jpg,man,[0.815 0.185]
000959.jpg,man,[1. 0.]
000960.jpg,woman,[0.072 0.928]
000961.jpg,woman,[0. 1.]
000962.jpg,man,[0.922 0.078]
000963.jpg,woman,[0. 1.]
000964.jpg,man,[1. 0.]
000965.jpg,woman,[0.001 0.999]
000966.jpg,man,[0.999 0.001]
000967.jpg,woman,[0. 1.]
000968.jpg,woman,[0.001 0.999]
000969.jpg,man,[0.963 0.037]
000970.jpg,woman,[0.003 0.997]
000971.jpg,man,[0.997 0.003]
000972.jpg,woman,[0.141 0.859]
000973.jpg,man,[0.993 0.007]
000974.jpg,woman,[0.009 0.991]
000975.jpg,man,[1. 0.]
000976.jpg,woman,[0. 1.]
000977.jpg,man,[1. 0.]
000978.jpg,man,[1. 0.]
000979.jpg,man,[0.999 0.001]
000980.jpg,woman,[0. 1.]
000981.jpg,woman,[0.003 0.997]
000982.jpg,woman,[0. 1.]
000983.jpg,man,[0.999 0.001]
000984.jpg,woman,[0.015 0.985]
000985.jpg,woman,[0.275 0.725]
000986.jpg,woman,[0. 1.]
000987.jpg,man,[0.999 0.001]
000988.jpg,woman,[0.003 0.997]
000989.jpg,woman,[0.001 0.999]
000990.jpg,man,[1. 0.]
000991.jpg,woman,[0. 1.]
000992.jpg,man,[0.998 0.002]
000993.jpg,man,[0.995 0.005]
000994.jpg,man,[0.688 0.312]
000995.jpg,woman,[0.02 0.98]
000996.jpg,woman,[0.005 0.995]
000997.jpg,woman,[0.003 0.997]
000998.jpg,woman,[0. 1.]
000999.jpg,man,[0.972 0.028]
001000.jpg,woman,[0.008 0.992]
